name,price
CARO EMPREENDEDOR,"40,00"
A carta do Gildo,"28,78"
"The All-American Muscle Car: The Birth, Death and Resurrection of Detroit's Greatest Performance Cars",
Multi-storey Car Parking 3D,"3,16"
Mimi's Village: And How Basic Health Care Transformed It: 10,"220,95"
SUV Racing 3D Car Simulator,"2,38"
Car: The Definitive Visual History of the Automobile,"187,53"
The Car: The rise and fall of the machine that made the modern world (English Edition),"14,82"
Crime Town Police Car Driver,"2,97"
Classic Car: The Definitive Visual History,"181,85"
Fralda Pampers Premium Care XG 60 unidades,"99,99"
Car Simulator Escalade Driving,
"Cars, Trains, Ships, and Planes: A Visual Encyclopedia of Every Vehicle","187,08"
Heartbeat City,"339,13"
City Car Real Drive 3D,"3,82"
Care: The Radical Art of Taking Time,"104,59"
How to Build a Car: The Autobiography of the World’s Greatest Formula 1 Designer (English Edition),"71,99"
Car Stunt Driver - Jump High Realistic Car Stunt Simulation,"25,09"
Clássicos do Brasil - Fusca - 2ª edição,"46,70"
#umdiasemreclamar: Descubra por que a gratidão pode mudar a sua vida,"19,99"
Mais esperto que o Diabo: O mistério revelado da liberdade e do sucesso,"19,89"
Formula 1 Car by Car 1990-99,"339,74"
Car Simulator MCL City Driving,
Caro Michele,"25,58"
"Juba Máscara Hidro-Nutritiva - Widi Care, Widi Care, Branco, Médio","38,77"
Car Wash - Monster Truck,
Cars: Rushing! Honking! Zooming! (Things That Go) (English Edition),"0,00"
"100 Cars That Changed the World: The Designs, Engines, and Technologies That Drive Our Imaginations","86,90"
Muscle Car ZL,
Cars,"99,94"
Car Simulator C63,
The Cars of Bmc,"183,69"
"Infusão 2.0 Acidificante - Controle de PH, Widi Care","44,90"
Offroad Car LX,
Cars: Struck by Lightning (Disney Chapter Book (ebook)) (English Edition),"23,59"
Textbook of Critical Care,"2.675,83"
Player Car Battleground - Unknown Free Fire Mega Shooting,
Police Car Drift Race,
Fralda Pampers Pants Premium Care G 112 unidades,"270,00"
Impossible Car Stunts- Free Mega Ramp Car Racing Stunts 3D,
The Caro-Kann: Move by Move (English Edition),"24,99"
"The Witch's Book of Self-Care: Magical Ways to Pamper, Soothe, and Care for Your Body and Spirit","90,09"
"Shapes, Colors, Counting & More!","65,05"
Chained Cars Speed Racing - Chain Break Driving,
Car: The Definitive Visual History of the Automobile,"227,86"
Cars,"138,00"
Cardiac Intensive Care,"1.086,73"
Car Driving Simulator: San Francisco,
"Hello, World! Cars and Trucks","41,10"
Cars Toon: As Grandes Histórias Do Mate [DVD],"19,90"
The Score Takes Care of Itself: My Philosophy of Leadership (English Edition),"48,69"
"Revitalizando a Juba Bruma Hidratante, Widi Care, 300 Ml","39,99"
Sweet Baby Girl Newborn Baby Care - Mommy’s Little Helper,
